from_activity,to_activity,count
OTHER,OTHER,644
DRILL,DRILL,419
BOP_OPERATION,BOP_OPERATION,330
OTHER,TRIP_IN,273
TRIP_IN,OTHER,269
OTHER,TRIP_OUT,251
TRIP_IN,TRIP_IN,223
TRIP_OUT,OTHER,213
CASING,CASING,186
TRIP_OUT,TRIP_OUT,182
OTHER,DRILL,176
DRILL,CIRCULATE,148
DRILL,OTHER,148
EQUIPMENT_FAILURE,OTHER,143
OTHER,EQUIPMENT_FAILURE,141
EQUIPMENT_FAILURE,EQUIPMENT_FAILURE,135
FISHING,FISHING,121
BOP_OPERATION,OTHER,114
OTHER,BOP_OPERATION,113
TRIP_IN,DRILL,109
CEMENT,CEMENT,107
CIRCULATE,TRIP_OUT,105
TRIP_IN,EQUIPMENT_FAILURE,104
TOOLBOX_TALK,OTHER,102
CIRCULATE,DRILL,96
CIRCULATE,CIRCULATE,96
MAKE_UP,TRIP_IN,95
CIRCULATE,OTHER,91
TRIP_OUT,EQUIPMENT_FAILURE,88
OTHER,TOOLBOX_TALK,87
EQUIPMENT_FAILURE,TRIP_IN,81
OTHER,CIRCULATE,79
DRILL,EQUIPMENT_FAILURE,79
BOP_OPERATION,EQUIPMENT_FAILURE,76
TRIP_OUT,TRIP_IN,75
DRILL,TRIP_IN,74
TRIP_IN,TRIP_OUT,73
CEMENT,OTHER,70
MAKE_UP,OTHER,69
OTHER,MAKE_UP,64
OTHER,CEMENT,64
EQUIPMENT_FAILURE,TRIP_OUT,61
OTHER,CASING,59
CASING,OTHER,58
CASING,TRIP_IN,55
TRIP_IN,CIRCULATE,53
EQUIPMENT_FAILURE,DRILL,52
CASING,EQUIPMENT_FAILURE,51
TRIP_IN,CASING,51
TRIP_IN,BOP_OPERATION,49
EQUIPMENT_FAILURE,BOP_OPERATION,48
TRIP_OUT,CASING,47
TRIP_IN,MAKE_UP,47
DRILL,TRIP_OUT,44
EQUIPMENT_FAILURE,CASING,43
TRIP_OUT,LAY_DOWN,42
TRIP_OUT,CIRCULATE,40
FLOW_CHECK,TRIP_OUT,40
CASING,CIRCULATE,39
CIRCULATE,CEMENT,39
BOP_OPERATION,DRILL,38
TRIP_OUT,DRILL,37
BOP_OPERATION,TRIP_OUT,36
CIRCULATE,FLOW_CHECK,36
OTHER,LAY_DOWN,35
TRIP_OUT,BOP_OPERATION,34
EQUIPMENT_FAILURE,CEMENT,34
OTHER,REPAIR,33
DRILL,BOP_OPERATION,33
CEMENT,EQUIPMENT_FAILURE,33
BOP_OPERATION,TRIP_IN,32
CEMENT,TRIP_OUT,32
EQUIPMENT_FAILURE,CIRCULATE,32
TRIP_OUT,FLOW_CHECK,32
TOOLBOX_TALK,EQUIPMENT_FAILURE,32
TRIP_IN,CEMENT,31
FLOW_CHECK,OTHER,31
DRILL,CASING,30
CIRCULATE,EQUIPMENT_FAILURE,30
CEMENT,CIRCULATE,30
EQUIPMENT_FAILURE,MAKE_UP,30
MAKE_UP,MAKE_UP,30
TOOLBOX_TALK,MAKE_UP,30
TRIP_OUT,CEMENT,29
REPAIR,TRIP_IN,28
MAKE_UP,EQUIPMENT_FAILURE,28
REPAIR,OTHER,27
CEMENT,TRIP_IN,26
CASING,TRIP_OUT,26
CIRCULATE,TRIP_IN,25
CEMENT,DRILL,25
LAY_DOWN,OTHER,25
TRIP_OUT,TOOLBOX_TALK,25
TOOLBOX_TALK,TRIP_IN,24
BOP_OPERATION,TOOLBOX_TALK,24
DRILL,SURVEY,23
EQUIPMENT_FAILURE,TOOLBOX_TALK,23
CASING,DRILL,22
TRIP_IN,TOOLBOX_TALK,22
TRIP_OUT,MAKE_UP,22
TRIP_OUT,REPAIR,21
OTHER,FISHING,21
OTHER,WELL_CONTROL,20
SURVEY,DRILL,20
FISHING,OTHER,20
DRILL,TOOLBOX_TALK,19
CEMENT,BOP_OPERATION,19
REPAIR,TRIP_OUT,18
TRIP_OUT,RIG_UP,18
CIRCULATE,CASING,18
RIG_UP,OTHER,18
OTHER,RIG_UP,18
TRIP_IN,REPAIR,18
FISHING,EQUIPMENT_FAILURE,18
BOP_OPERATION,MAKE_UP,18
BOP_OPERATION,CEMENT,18
MAKE_UP,TOOLBOX_TALK,18
TOOLBOX_TALK,BOP_OPERATION,18
MAKE_UP,DRILL,17
STUCK_PIPE,CIRCULATE,17
CASING,TOOLBOX_TALK,17
WELL_CONTROL,OTHER,16
WAIT,OTHER,16
RIG_UP,TRIP_IN,16
RIG_UP,RIG_UP,16
DRILL,CEMENT,16
TOOLBOX_TALK,TRIP_OUT,16
CIRCULATE,TIGHT_HOLE,15
LAY_DOWN,TRIP_OUT,15
CEMENT,CASING,15
MAKE_UP,BOP_OPERATION,15
DRILL,MAKE_UP,15
TOOLBOX_TALK,DRILL,15
LAY_DOWN,EQUIPMENT_FAILURE,15
LAY_DOWN,DRILL,14
OTHER,FLOW_CHECK,14
DRILL,RIG_UP,14
TOOLBOX_TALK,CASING,14
TIGHT_HOLE,OTHER,13
EQUIPMENT_FAILURE,RIG_UP,13
RIG_UP,TRIP_OUT,13
TRIP_OUT,RIG_DOWN,13
EQUIPMENT_FAILURE,FISHING,13
REPAIR,REPAIR,13
CASING,MAKE_UP,13
FISHING,CASING,13
RIG_DOWN,RIG_DOWN,13
PRESSURE_TEST,BOP_OPERATION,13
RIG_UP,BOP_OPERATION,13
DRILL,REPAIR,12
OTHER,TIGHT_HOLE,12
OTHER,RIG_DOWN,12
CASING,CEMENT,12
SURVEY,TRIP_OUT,12
TRIP_IN,TIGHT_HOLE,11
CASING,BOP_OPERATION,11
TRIP_IN,FLOW_CHECK,11
TIGHT_HOLE,TRIP_OUT,11
TIGHT_HOLE,TIGHT_HOLE,11
SURVEY,OTHER,11
WAIT,WAIT,11
FLOW_CHECK,DRILL,11
PRESSURE_TEST,DRILL,11
TRIP_IN,WELL_CONTROL,11
FISHING,TRIP_IN,11
CEMENT,TOOLBOX_TALK,11
DRILL,FLOW_CHECK,11
RIG_DOWN,BOP_OPERATION,10
LAY_DOWN,TRIP_IN,10
BOP_OPERATION,REPAIR,10
LAY_DOWN,BOP_OPERATION,10
TRIP_OUT,FISHING,10
TRIP_OUT,SURVEY,10
BOP_OPERATION,CASING,10
CASING,FISHING,10
BOP_OPERATION,PRESSURE_TEST,10
BOP_OPERATION,RIG_UP,10
RIG_DOWN,TOOLBOX_TALK,10
TIGHT_HOLE,CIRCULATE,9
LAY_DOWN,MAKE_UP,9
RIG_UP,EQUIPMENT_FAILURE,9
REPAIR,DRILL,9
WELL_CONTROL,TRIP_OUT,9
BOP_OPERATION,WELL_CONTROL,9
REPAIR,MAKE_UP,9
TOOLBOX_TALK,CEMENT,9
REPAIR,BOP_OPERATION,8
WAIT,TRIP_IN,8
RIG_DOWN,EQUIPMENT_FAILURE,8
RIG_DOWN,OTHER,8
RIG_UP,DRILL,8
FLOW_CHECK,TRIP_IN,8
TIGHT_HOLE,DRILL,8
RIG_UP,CASING,8
MAKE_UP,CASING,8
DRILL,STUCK_PIPE,8
WELL_CONTROL,BOP_OPERATION,8
EQUIPMENT_FAILURE,LAY_DOWN,8
BOP_OPERATION,CIRCULATE,7
FLOW_CHECK,BOP_OPERATION,7
OTHER,WAIT,7
CIRCULATE,PRESSURE_TEST,7
REPAIR,EQUIPMENT_FAILURE,7
MAKE_UP,REPAIR,7
MAKE_UP,CEMENT,7
DRILL,WAIT,7
FLOW_CHECK,EQUIPMENT_FAILURE,7
CIRCULATE,SURVEY,7
LAY_DOWN,LAY_DOWN,7
TOOLBOX_TALK,RIG_UP,7
PRESSURE_TEST,OTHER,7
REPAIR,TOOLBOX_TALK,7
TIGHT_HOLE,TRIP_IN,6
BOP_OPERATION,RIG_DOWN,6
RIG_DOWN,TRIP_IN,6
TRIP_IN,RIG_UP,6
MAKE_UP,TRIP_OUT,6
FISHING,BOP_OPERATION,6
TRIP_IN,LAY_DOWN,6
CASING,REPAIR,6
TRIP_OUT,WAIT,6
CIRCULATE,STUCK_PIPE,6
BOP_OPERATION,LAY_DOWN,6
TOOLBOX_TALK,WELL_CONTROL,6
CEMENT,REPAIR,6
OTHER,PRESSURE_TEST,6
TRIP_IN,FISHING,6
TOOLBOX_TALK,TOOLBOX_TALK,6
CEMENT,PRESSURE_TEST,6
CEMENT,RIG_UP,6
TRIP_IN,WAIT,5
STUCK_PIPE,FISHING,5
CASING,FLOW_CHECK,5
STUCK_PIPE,STUCK_PIPE,5
WAIT,BOP_OPERATION,5
BOP_OPERATION,WAIT,5
TRIP_OUT,TIGHT_HOLE,5
CIRCULATE,BOP_OPERATION,5
RIG_DOWN,DRILL,5
CIRCULATE,WELL_CONTROL,5
EQUIPMENT_FAILURE,REPAIR,5
FISHING,TRIP_OUT,5
DRILL,WELL_CONTROL,5
OTHER,SURVEY,5
TRIP_IN,SURVEY,5
CASING,STUCK_PIPE,5
CEMENT,WELL_CONTROL,5
WELL_CONTROL,CEMENT,5
SURVEY,CIRCULATE,5
LAY_DOWN,FISHING,5
RIG_UP,MAKE_UP,5
SURVEY,TRIP_IN,5
EQUIPMENT_FAILURE,WELL_CONTROL,5
PRESSURE_TEST,PRESSURE_TEST,5
WELL_CONTROL,TRIP_IN,5
BOP_OPERATION,FISHING,5
PRESSURE_TEST,EQUIPMENT_FAILURE,5
RIG_UP,TOOLBOX_TALK,5
WELL_CONTROL,TOOLBOX_TALK,5
TRIP_IN,RIG_DOWN,4
EQUIPMENT_FAILURE,RIG_DOWN,4
TRIP_OUT,STUCK_PIPE,4
FISHING,RIG_UP,4
CASING,TIGHT_HOLE,4
DRILL,TIGHT_HOLE,4
WAIT,EQUIPMENT_FAILURE,4
STUCK_PIPE,TRIP_IN,4
CIRCULATE,REPAIR,4
WAIT,TRIP_OUT,4
SURVEY,EQUIPMENT_FAILURE,4
REPAIR,CASING,4
TIGHT_HOLE,EQUIPMENT_FAILURE,4
MAKE_UP,FISHING,4
EQUIPMENT_FAILURE,FLOW_CHECK,4
MAKE_UP,WELL_CONTROL,4
TIGHT_HOLE,CASING,4
TRIP_OUT,WELL_CONTROL,4
PRESSURE_TEST,TRIP_IN,4
MAKE_UP,CIRCULATE,4
FISHING,DRILL,4
TRIP_IN,PRESSURE_TEST,4
CEMENT,MAKE_UP,4
PRESSURE_TEST,CEMENT,4
RIG_UP,WELL_CONTROL,4
WELL_CONTROL,WELL_CONTROL,4
EQUIPMENT_FAILURE,PRESSURE_TEST,4
LAY_DOWN,CASING,4
CASING,LAY_DOWN,4
FLOW_CHECK,FLOW_CHECK,4
REPAIR,CEMENT,4
FLOW_CHECK,WELL_CONTROL,4
CASING,RIG_UP,3
FLOW_CHECK,CASING,3
EQUIPMENT_FAILURE,TIGHT_HOLE,3
REPAIR,TIGHT_HOLE,3
TIGHT_HOLE,STUCK_PIPE,3
RIG_DOWN,RIG_UP,3
CEMENT,TIGHT_HOLE,3
EQUIPMENT_FAILURE,STUCK_PIPE,3
OTHER,STUCK_PIPE,3
WAIT,MAKE_UP,3
DRILL,LAY_DOWN,3
SURVEY,SURVEY,3
BOP_OPERATION,STUCK_PIPE,3
WELL_CONTROL,DRILL,3
CASING,PRESSURE_TEST,3
DRILL,PRESSURE_TEST,3
CEMENT,LAY_DOWN,3
EQUIPMENT_FAILURE,WAIT,3
WAIT,DRILL,3
MAKE_UP,PRESSURE_TEST,3
TRIP_OUT,PRESSURE_TEST,3
RIG_DOWN,TRIP_OUT,3
FISHING,MAKE_UP,3
LAY_DOWN,TOOLBOX_TALK,3
TOOLBOX_TALK,RIG_DOWN,3
FLOW_CHECK,CIRCULATE,3
TOOLBOX_TALK,FISHING,3
CIRCULATE,MAKE_UP,3
RIG_UP,CEMENT,3
LAY_DOWN,RIG_DOWN,3
RIG_UP,LAY_DOWN,3
CEMENT,FISHING,3
CASING,WELL_CONTROL,3
WELL_CONTROL,FLOW_CHECK,3
WELL_CONTROL,EQUIPMENT_FAILURE,2
CIRCULATE,RIG_DOWN,2
CIRCULATE,RIG_UP,2
RIG_UP,CIRCULATE,2
STUCK_PIPE,DRILL,2
TRIP_IN,STUCK_PIPE,2
WAIT,CIRCULATE,2
FISHING,STUCK_PIPE,2
STUCK_PIPE,TRIP_OUT,2
MAKE_UP,WAIT,2
MAKE_UP,LAY_DOWN,2
FLOW_CHECK,TIGHT_HOLE,2
TIGHT_HOLE,FLOW_CHECK,2
FISHING,CIRCULATE,2
WELL_CONTROL,CIRCULATE,2
WAIT,RIG_UP,2
RIG_DOWN,CASING,2
STUCK_PIPE,OTHER,2
SURVEY,CEMENT,2
LAY_DOWN,FLOW_CHECK,2
SURVEY,FLOW_CHECK,2
CEMENT,RIG_DOWN,2
FLOW_CHECK,LAY_DOWN,2
TOOLBOX_TALK,LAY_DOWN,2
WELL_CONTROL,RIG_UP,2
LAY_DOWN,REPAIR,2
BOP_OPERATION,FLOW_CHECK,2
FISHING,TOOLBOX_TALK,2
CIRCULATE,TOOLBOX_TALK,2
MAKE_UP,RIG_UP,2
PRESSURE_TEST,TRIP_OUT,2
EQUIPMENT_FAILURE,SURVEY,2
TOOLBOX_TALK,WAIT,2
WAIT,CASING,2
WELL_CONTROL,CASING,2
CASING,RIG_DOWN,2
RIG_DOWN,LAY_DOWN,2
DRILL,FISHING,2
FISHING,LAY_DOWN,2
FISHING,CEMENT,2
LAY_DOWN,RIG_UP,2
RIG_DOWN,MAKE_UP,1
LAY_DOWN,CIRCULATE,1
RIG_DOWN,FISHING,1
SURVEY,CASING,1
STUCK_PIPE,CASING,1
WAIT,RIG_DOWN,1
RIG_DOWN,WAIT,1
STUCK_PIPE,WELL_CONTROL,1
FISHING,TIGHT_HOLE,1
TIGHT_HOLE,FISHING,1
CIRCULATE,FISHING,1
TIGHT_HOLE,SURVEY,1
SURVEY,TIGHT_HOLE,1
CEMENT,WAIT,1
FISHING,RIG_DOWN,1
SURVEY,RIG_DOWN,1
RIG_UP,REPAIR,1
STUCK_PIPE,BOP_OPERATION,1
RIG_UP,SURVEY,1
WAIT,LAY_DOWN,1
LAY_DOWN,WELL_CONTROL,1
TIGHT_HOLE,TOOLBOX_TALK,1
PRESSURE_TEST,MAKE_UP,1
REPAIR,SURVEY,1
WAIT,CEMENT,1
CASING,SURVEY,1
FLOW_CHECK,RIG_UP,1
FLOW_CHECK,SURVEY,1
PRESSURE_TEST,FLOW_CHECK,1
LAY_DOWN,CEMENT,1
PRESSURE_TEST,RIG_DOWN,1
LAY_DOWN,WAIT,1
WAIT,REPAIR,1
PRESSURE_TEST,CIRCULATE,1
STUCK_PIPE,EQUIPMENT_FAILURE,1
CEMENT,SURVEY,1
MAKE_UP,SURVEY,1
TOOLBOX_TALK,CIRCULATE,1
TIGHT_HOLE,CEMENT,1
TOOLBOX_TALK,TIGHT_HOLE,1
TIGHT_HOLE,LAY_DOWN,1
TIGHT_HOLE,REPAIR,1
TIGHT_HOLE,MAKE_UP,1
MAKE_UP,TIGHT_HOLE,1
FLOW_CHECK,CEMENT,1
CEMENT,FLOW_CHECK,1
REPAIR,LAY_DOWN,1
TOOLBOX_TALK,REPAIR,1
PRESSURE_TEST,CASING,1
FISHING,FLOW_CHECK,1
WELL_CONTROL,LAY_DOWN,1
WELL_CONTROL,MAKE_UP,1
WELL_CONTROL,REPAIR,1
WAIT,WELL_CONTROL,1
CEMENT,STUCK_PIPE,1
LAY_DOWN,PRESSURE_TEST,1
FLOW_CHECK,FISHING,1
WELL_CONTROL,FISHING,1
CIRCULATE,LAY_DOWN,1
FISHING,WAIT,1
CASING,WAIT,1
RIG_UP,WAIT,1
CIRCULATE,WAIT,1
TOOLBOX_TALK,PRESSURE_TEST,1
TOOLBOX_TALK,STUCK_PIPE,1
