event_id,nds_well,nds_event_text,match_type,match_method,rank,similarity_score,tfidf_score,sbert_score,entity_overlap,matched_op_id,matched_pdf,matched_well_family,matched_well_prefix,matched_report_date,matched_start_time,matched_end_time,matched_end_depth_md,matched_main_activity,matched_sub_activity,matched_state,matched_remark,matched_op_text
1,15/9-F-10,inclination angle was higher than expected. Reduced inclination to to 0.16 deg,strict_same_well,tfidf,1,0.234246,0.234246,0.261653,0.0,2916,C:\Users\user\Downloads\eilink_ra_ds\eilink_ra_ds\data\raw_pdfs\15_9_F_10_2009_04_12.pdf,15_9_F_10,15_9_F_10,2009-04-12,09:00,11:15,246.0,drilling --,,ok,"Reamed interval 222-246 m MD in order to reduce inclination. Parameters : Flow 3500 lpm / SPP 95 bar / 140 RPM / Torque 2-4 kNm. Pumped 2 x 10 m3 hivis pills. Reduced iclinatio drill n from 0,53 deg to 0,16 deg.","drilling -- | ok | Reamed interval 222-246 m MD in order to reduce inclination. Parameters : Flow 3500 lpm / SPP 95 bar / 140 RPM / Torque 2-4 kNm. Pumped 2 x 10 m3 hivis pills. Reduced iclinatio drill n from 0,53 deg to 0,16 deg."
1,15/9-F-10,inclination angle was higher than expected. Reduced inclination to to 0.16 deg,strict_same_well,tfidf,2,0.131449,0.131449,0.354991,0.0,2850,C:\Users\user\Downloads\eilink_ra_ds\eilink_ra_ds\data\raw_pdfs\15_9_F_10_2009_04_08.pdf,15_9_F_10,15_9_F_10,2009-04-08,00:00,05:00,207.0,drilling,drill,ok,"Drilled 36"" hole from 165 m to 207 m (17 1/2"" bit depth). 90-100 RPM, 5 ton WOB, 4000-4450 lpm, 3,7 kNm, ROP 5-20 m/hr. Pumped HIVIS pills as per progra m. Took survey at 170 m: Inclination 0,27 deg. Took survey at 180 m: Inclination 0,17 deg. Took survey at 190 m: Inclination 0,21 deg. Took survey at 206 m: Inclination 0,15 deg.","drilling | drill | ok | Drilled 36"" hole from 165 m to 207 m (17 1/2"" bit depth). 90-100 RPM, 5 ton WOB, 4000-4450 lpm, 3,7 kNm, ROP 5-20 m/hr. Pumped HIVIS pills as per progra m. Took survey at 170 m: Inclination 0,27 deg. Took survey at 180 m: Inclination 0,17 deg. Took survey at 190 m: Inclination 0,21 deg. Took survey at 206 m: Inclination 0,15 deg."
1,15/9-F-10,inclination angle was higher than expected. Reduced inclination to to 0.16 deg,strict_same_well,tfidf,3,0.082186,0.082186,0.173373,0.0,2849,C:\Users\user\Downloads\eilink_ra_ds\eilink_ra_ds\data\raw_pdfs\15_9_F_10_2009_04_07.pdf,15_9_F_10,15_9_F_10,2009-04-07,19:00,00:00,165.0,drilling,drill,ok,"Drilled 36"" hole from 151 m to 165 m. 80 RPM, 4 -5 ton WOB, 3000 lpm, trq 3 kNm, Took survey at 160 m. Inclination 0,28 deg. Pumped HIVIS pills as per program.","drilling | drill | ok | Drilled 36"" hole from 151 m to 165 m. 80 RPM, 4 -5 ton WOB, 3000 lpm, trq 3 kNm, Took survey at 160 m. Inclination 0,28 deg. Pumped HIVIS pills as per program."
1,15/9-F-10,inclination angle was higher than expected. Reduced inclination to to 0.16 deg,strict_same_well,tfidf,4,0.069603,0.069603,0.181891,0.0,2909,C:\Users\user\Downloads\eilink_ra_ds\eilink_ra_ds\data\raw_pdfs\15_9_F_10_2009_04_12.pdf,15_9_F_10,15_9_F_10,2009-04-12,04:15,05:00,233.0,drilling --,,ok,"Drilled 26"" hole from 231 m to 233 m MD. Drilling parameters : Flow 3500 lpm / SPP 100 bar / 40 RPM / WOB 1-2 MT / Torque 2-3 kNm. Secured string on Centralizer deck. Performe drill d gMWD survey - out of specification. MWD survey inclination 0,26 deg.","drilling -- | ok | Drilled 26"" hole from 231 m to 233 m MD. Drilling parameters : Flow 3500 lpm / SPP 100 bar / 40 RPM / WOB 1-2 MT / Torque 2-3 kNm. Secured string on Centralizer deck. Performe drill d gMWD survey - out of specification. MWD survey inclination 0,26 deg."
1,15/9-F-10,inclination angle was higher than expected. Reduced inclination to to 0.16 deg,strict_same_well,tfidf,5,0.059133,0.059133,0.247941,0.0,2906,C:\Users\user\Downloads\eilink_ra_ds\eilink_ra_ds\data\raw_pdfs\15_9_F_10_2009_04_12.pdf,15_9_F_10,15_9_F_10,2009-04-12,01:45,03:45,228.0,drilling --,,ok,"Drilled 26"" hole from 217 m to 228 m MD. Drilling parameters : Flow 3500 lpm / SPP 48-95 bar / 40 RPM / WOB < 1 MT / Torque 2-3 kNm. Observed erratic string and torque peaks of drill 6-7 kNm at 227 m MD. Secured string on Centralizer deck. Performed gmWD survey - out of specification. MWD survey inclination 0,21 deg.","drilling -- | ok | Drilled 26"" hole from 217 m to 228 m MD. Drilling parameters : Flow 3500 lpm / SPP 48-95 bar / 40 RPM / WOB < 1 MT / Torque 2-3 kNm. Observed erratic string and torque peaks of drill 6-7 kNm at 227 m MD. Secured string on Centralizer deck. Performed gmWD survey - out of specification. MWD survey inclination 0,21 deg."
1,15/9-F-10,inclination angle was higher than expected. Reduced inclination to to 0.16 deg,strict_same_well,sbert,1,0.354991,0.131449,0.354991,0.0,2850,C:\Users\user\Downloads\eilink_ra_ds\eilink_ra_ds\data\raw_pdfs\15_9_F_10_2009_04_08.pdf,15_9_F_10,15_9_F_10,2009-04-08,00:00,05:00,207.0,drilling,drill,ok,"Drilled 36"" hole from 165 m to 207 m (17 1/2"" bit depth). 90-100 RPM, 5 ton WOB, 4000-4450 lpm, 3,7 kNm, ROP 5-20 m/hr. Pumped HIVIS pills as per progra m. Took survey at 170 m: Inclination 0,27 deg. Took survey at 180 m: Inclination 0,17 deg. Took survey at 190 m: Inclination 0,21 deg. Took survey at 206 m: Inclination 0,15 deg.","drilling | drill | ok | Drilled 36"" hole from 165 m to 207 m (17 1/2"" bit depth). 90-100 RPM, 5 ton WOB, 4000-4450 lpm, 3,7 kNm, ROP 5-20 m/hr. Pumped HIVIS pills as per progra m. Took survey at 170 m: Inclination 0,27 deg. Took survey at 180 m: Inclination 0,17 deg. Took survey at 190 m: Inclination 0,21 deg. Took survey at 206 m: Inclination 0,15 deg."
1,15/9-F-10,inclination angle was higher than expected. Reduced inclination to to 0.16 deg,strict_same_well,sbert,2,0.335057,0.0,0.335057,0.0,2882,C:\Users\user\Downloads\eilink_ra_ds\eilink_ra_ds\data\raw_pdfs\15_9_F_10_2009_04_10.pdf,15_9_F_10,15_9_F_10,2009-04-10,13:45,14:45,202.0,drilling,casing,ok,"Performed elevation check releative to F-15 using ROV and digiquartz, 18 mm deviation - ok. Recorded x/y inclinometer readings 0,0/0,2.","drilling | casing | ok | Performed elevation check releative to F-15 using ROV and digiquartz, 18 mm deviation - ok. Recorded x/y inclinometer readings 0,0/0,2."
1,15/9-F-10,inclination angle was higher than expected. Reduced inclination to to 0.16 deg,strict_same_well,sbert,3,0.312759,0.0,0.312759,0.0,3657,C:\Users\user\Downloads\eilink_ra_ds\eilink_ra_ds\data\raw_pdfs\15_9_F_10_2009_06_03.pdf,15_9_F_10,15_9_F_10,2009-06-03,04:15,05:15,5300.0,formation,,ok,"Downlinked Stethoscope. Positioned string with bit at 5287 m MD / probe depth 5253 m MD. P/u weight 197 MT. Obtained pressure sample of 89,51 bar at 5253 m MD. High p/u weight whe evaluatio n comming free with string (~230 MT), came down with string, started rotation and came free, no pack off tendency. n -- log","formation | ok | Downlinked Stethoscope. Positioned string with bit at 5287 m MD / probe depth 5253 m MD. P/u weight 197 MT. Obtained pressure sample of 89,51 bar at 5253 m MD. High p/u weight whe evaluatio n comming free with string (~230 MT), came down with string, started rotation and came free, no pack off tendency. n -- log"
1,15/9-F-10,inclination angle was higher than expected. Reduced inclination to to 0.16 deg,strict_same_well,sbert,4,0.310221,0.0,0.310221,0.0,3159,C:\Users\user\Downloads\eilink_ra_ds\eilink_ra_ds\data\raw_pdfs\15_9_F_10_2009_04_29.pdf,15_9_F_10,15_9_F_10,2009-04-29,18:30,19:30,2360.0,drilling,circulating condit,ok,Pulled from 2360m to 2346m. No pumping no rotation. Pulled 2m lowered 1m in steps. Took weight at 2350m. ioning,drilling | circulating condit | ok | Pulled from 2360m to 2346m. No pumping no rotation. Pulled 2m lowered 1m in steps. Took weight at 2350m. ioning
1,15/9-F-10,inclination angle was higher than expected. Reduced inclination to to 0.16 deg,strict_same_well,sbert,5,0.305204,0.0,0.305204,0.0,3653,C:\Users\user\Downloads\eilink_ra_ds\eilink_ra_ds\data\raw_pdfs\15_9_F_10_2009_06_03.pdf,15_9_F_10,15_9_F_10,2009-06-03,00:00,01:00,5255.0,formation,,ok,"Stopped rotation. Circulated at 2500 lpm. Took p/u weight 196 MT. Performed two sticky tests : 3 min - 198 MT p/u and 8 min 205 MT p/u weight. Downlinked Stethoscope. Positioned string evaluatio with bit at 5249 m MD / probe depth 5215 m MD. Obtained pressure sample of 87,17 bar at 5215 m MD. n -- log","formation | ok | Stopped rotation. Circulated at 2500 lpm. Took p/u weight 196 MT. Performed two sticky tests : 3 min - 198 MT p/u and 8 min 205 MT p/u weight. Downlinked Stethoscope. Positioned string evaluatio with bit at 5249 m MD / probe depth 5215 m MD. Obtained pressure sample of 87,17 bar at 5215 m MD. n -- log"
1,15/9-F-10,inclination angle was higher than expected. Reduced inclination to to 0.16 deg,strict_same_well,hybrid,1,0.868535,0.234246,0.261653,0.0,2916,C:\Users\user\Downloads\eilink_ra_ds\eilink_ra_ds\data\raw_pdfs\15_9_F_10_2009_04_12.pdf,15_9_F_10,15_9_F_10,2009-04-12,09:00,11:15,246.0,drilling --,,ok,"Reamed interval 222-246 m MD in order to reduce inclination. Parameters : Flow 3500 lpm / SPP 95 bar / 140 RPM / Torque 2-4 kNm. Pumped 2 x 10 m3 hivis pills. Reduced iclinatio drill n from 0,53 deg to 0,16 deg.","drilling -- | ok | Reamed interval 222-246 m MD in order to reduce inclination. Parameters : Flow 3500 lpm / SPP 95 bar / 140 RPM / Torque 2-4 kNm. Pumped 2 x 10 m3 hivis pills. Reduced iclinatio drill n from 0,53 deg to 0,16 deg."
1,15/9-F-10,inclination angle was higher than expected. Reduced inclination to to 0.16 deg,strict_same_well,hybrid,2,0.78058,0.131449,0.354991,0.0,2850,C:\Users\user\Downloads\eilink_ra_ds\eilink_ra_ds\data\raw_pdfs\15_9_F_10_2009_04_08.pdf,15_9_F_10,15_9_F_10,2009-04-08,00:00,05:00,207.0,drilling,drill,ok,"Drilled 36"" hole from 165 m to 207 m (17 1/2"" bit depth). 90-100 RPM, 5 ton WOB, 4000-4450 lpm, 3,7 kNm, ROP 5-20 m/hr. Pumped HIVIS pills as per progra m. Took survey at 170 m: Inclination 0,27 deg. Took survey at 180 m: Inclination 0,17 deg. Took survey at 190 m: Inclination 0,21 deg. Took survey at 206 m: Inclination 0,15 deg.","drilling | drill | ok | Drilled 36"" hole from 165 m to 207 m (17 1/2"" bit depth). 90-100 RPM, 5 ton WOB, 4000-4450 lpm, 3,7 kNm, ROP 5-20 m/hr. Pumped HIVIS pills as per progra m. Took survey at 170 m: Inclination 0,27 deg. Took survey at 180 m: Inclination 0,17 deg. Took survey at 190 m: Inclination 0,21 deg. Took survey at 206 m: Inclination 0,15 deg."
1,15/9-F-10,inclination angle was higher than expected. Reduced inclination to to 0.16 deg,strict_same_well,hybrid,3,0.484596,0.059027,0.2546,0.0,2912,C:\Users\user\Downloads\eilink_ra_ds\eilink_ra_ds\data\raw_pdfs\15_9_F_10_2009_04_12.pdf,15_9_F_10,15_9_F_10,2009-04-12,07:15,07:30,245.0,drilling --,,ok,Reamed interval 230-246 m MD in order to reduce inclination. Parameters : Flow 3500 lpm / SPP 97 bar / 40 RPM / Torque 2-4 kNm. drill,drilling -- | ok | Reamed interval 230-246 m MD in order to reduce inclination. Parameters : Flow 3500 lpm / SPP 97 bar / 40 RPM / Torque 2-4 kNm. drill
1,15/9-F-10,inclination angle was higher than expected. Reduced inclination to to 0.16 deg,strict_same_well,hybrid,4,0.475442,0.059133,0.247941,0.0,2906,C:\Users\user\Downloads\eilink_ra_ds\eilink_ra_ds\data\raw_pdfs\15_9_F_10_2009_04_12.pdf,15_9_F_10,15_9_F_10,2009-04-12,01:45,03:45,228.0,drilling --,,ok,"Drilled 26"" hole from 217 m to 228 m MD. Drilling parameters : Flow 3500 lpm / SPP 48-95 bar / 40 RPM / WOB < 1 MT / Torque 2-3 kNm. Observed erratic string and torque peaks of drill 6-7 kNm at 227 m MD. Secured string on Centralizer deck. Performed gmWD survey - out of specification. MWD survey inclination 0,21 deg.","drilling -- | ok | Drilled 26"" hole from 217 m to 228 m MD. Drilling parameters : Flow 3500 lpm / SPP 48-95 bar / 40 RPM / WOB < 1 MT / Torque 2-3 kNm. Observed erratic string and torque peaks of drill 6-7 kNm at 227 m MD. Secured string on Centralizer deck. Performed gmWD survey - out of specification. MWD survey inclination 0,21 deg."
1,15/9-F-10,inclination angle was higher than expected. Reduced inclination to to 0.16 deg,strict_same_well,hybrid,5,0.471924,0.0,0.335057,0.0,2882,C:\Users\user\Downloads\eilink_ra_ds\eilink_ra_ds\data\raw_pdfs\15_9_F_10_2009_04_10.pdf,15_9_F_10,15_9_F_10,2009-04-10,13:45,14:45,202.0,drilling,casing,ok,"Performed elevation check releative to F-15 using ROV and digiquartz, 18 mm deviation - ok. Recorded x/y inclinometer readings 0,0/0,2.","drilling | casing | ok | Performed elevation check releative to F-15 using ROV and digiquartz, 18 mm deviation - ok. Recorded x/y inclinometer readings 0,0/0,2."
1,15/9-F-10,inclination angle was higher than expected. Reduced inclination to to 0.16 deg,strict_same_well,reranked,1,0.607974,0.234246,0.261653,0.0,2916,C:\Users\user\Downloads\eilink_ra_ds\eilink_ra_ds\data\raw_pdfs\15_9_F_10_2009_04_12.pdf,15_9_F_10,15_9_F_10,2009-04-12,09:00,11:15,246.0,drilling --,,ok,"Reamed interval 222-246 m MD in order to reduce inclination. Parameters : Flow 3500 lpm / SPP 95 bar / 140 RPM / Torque 2-4 kNm. Pumped 2 x 10 m3 hivis pills. Reduced iclinatio drill n from 0,53 deg to 0,16 deg.","drilling -- | ok | Reamed interval 222-246 m MD in order to reduce inclination. Parameters : Flow 3500 lpm / SPP 95 bar / 140 RPM / Torque 2-4 kNm. Pumped 2 x 10 m3 hivis pills. Reduced iclinatio drill n from 0,53 deg to 0,16 deg."
1,15/9-F-10,inclination angle was higher than expected. Reduced inclination to to 0.16 deg,strict_same_well,reranked,2,0.546406,0.131449,0.354991,0.0,2850,C:\Users\user\Downloads\eilink_ra_ds\eilink_ra_ds\data\raw_pdfs\15_9_F_10_2009_04_08.pdf,15_9_F_10,15_9_F_10,2009-04-08,00:00,05:00,207.0,drilling,drill,ok,"Drilled 36"" hole from 165 m to 207 m (17 1/2"" bit depth). 90-100 RPM, 5 ton WOB, 4000-4450 lpm, 3,7 kNm, ROP 5-20 m/hr. Pumped HIVIS pills as per progra m. Took survey at 170 m: Inclination 0,27 deg. Took survey at 180 m: Inclination 0,17 deg. Took survey at 190 m: Inclination 0,21 deg. Took survey at 206 m: Inclination 0,15 deg.","drilling | drill | ok | Drilled 36"" hole from 165 m to 207 m (17 1/2"" bit depth). 90-100 RPM, 5 ton WOB, 4000-4450 lpm, 3,7 kNm, ROP 5-20 m/hr. Pumped HIVIS pills as per progra m. Took survey at 170 m: Inclination 0,27 deg. Took survey at 180 m: Inclination 0,17 deg. Took survey at 190 m: Inclination 0,21 deg. Took survey at 206 m: Inclination 0,15 deg."
1,15/9-F-10,inclination angle was higher than expected. Reduced inclination to to 0.16 deg,strict_same_well,reranked,3,0.339217,0.059027,0.2546,0.0,2912,C:\Users\user\Downloads\eilink_ra_ds\eilink_ra_ds\data\raw_pdfs\15_9_F_10_2009_04_12.pdf,15_9_F_10,15_9_F_10,2009-04-12,07:15,07:30,245.0,drilling --,,ok,Reamed interval 230-246 m MD in order to reduce inclination. Parameters : Flow 3500 lpm / SPP 97 bar / 40 RPM / Torque 2-4 kNm. drill,drilling -- | ok | Reamed interval 230-246 m MD in order to reduce inclination. Parameters : Flow 3500 lpm / SPP 97 bar / 40 RPM / Torque 2-4 kNm. drill
1,15/9-F-10,inclination angle was higher than expected. Reduced inclination to to 0.16 deg,strict_same_well,reranked,4,0.33281,0.059133,0.247941,0.0,2906,C:\Users\user\Downloads\eilink_ra_ds\eilink_ra_ds\data\raw_pdfs\15_9_F_10_2009_04_12.pdf,15_9_F_10,15_9_F_10,2009-04-12,01:45,03:45,228.0,drilling --,,ok,"Drilled 26"" hole from 217 m to 228 m MD. Drilling parameters : Flow 3500 lpm / SPP 48-95 bar / 40 RPM / WOB < 1 MT / Torque 2-3 kNm. Observed erratic string and torque peaks of drill 6-7 kNm at 227 m MD. Secured string on Centralizer deck. Performed gmWD survey - out of specification. MWD survey inclination 0,21 deg.","drilling -- | ok | Drilled 26"" hole from 217 m to 228 m MD. Drilling parameters : Flow 3500 lpm / SPP 48-95 bar / 40 RPM / WOB < 1 MT / Torque 2-3 kNm. Observed erratic string and torque peaks of drill 6-7 kNm at 227 m MD. Secured string on Centralizer deck. Performed gmWD survey - out of specification. MWD survey inclination 0,21 deg."
1,15/9-F-10,inclination angle was higher than expected. Reduced inclination to to 0.16 deg,strict_same_well,reranked,5,0.330347,0.0,0.335057,0.0,2882,C:\Users\user\Downloads\eilink_ra_ds\eilink_ra_ds\data\raw_pdfs\15_9_F_10_2009_04_10.pdf,15_9_F_10,15_9_F_10,2009-04-10,13:45,14:45,202.0,drilling,casing,ok,"Performed elevation check releative to F-15 using ROV and digiquartz, 18 mm deviation - ok. Recorded x/y inclinometer readings 0,0/0,2.","drilling | casing | ok | Performed elevation check releative to F-15 using ROV and digiquartz, 18 mm deviation - ok. Recorded x/y inclinometer readings 0,0/0,2."
2,15/9-F-11,tight hole event was ecountered while drilling interval at 958 m,strict_same_well,tfidf,1,0.10424,0.10424,0.619604,0.15,5545,C:\Users\user\Downloads\eilink_ra_ds\eilink_ra_ds\data\raw_pdfs\15_9_F_11_T2_2013_04_02.pdf,15_9_F_11,15_9_F_11_T2,2013-04-02,12:00,15:30,460.0,drilling,trip,ok,"Pulled out of hole with 26"" bottom hole assembly from 1365m MD to 460m MD. Observed tight hole at 460m MD. Attempted to get past restriction with maximum 30MT overpull - no go.","drilling | trip | ok | Pulled out of hole with 26"" bottom hole assembly from 1365m MD to 460m MD. Observed tight hole at 460m MD. Attempted to get past restriction with maximum 30MT overpull - no go."
2,15/9-F-11,tight hole event was ecountered while drilling interval at 958 m,strict_same_well,tfidf,2,0.102025,0.102025,0.0,0.0,5555,C:\Users\user\Downloads\eilink_ra_ds\eilink_ra_ds\data\raw_pdfs\15_9_F_11_T2_2013_04_03.pdf,15_9_F_11,15_9_F_11_T2,2013-04-03,03:00,03:30,0.0,drilling,trip,ok,Downloaded MWD.,drilling | trip | ok | Downloaded MWD.
2,15/9-F-11,tight hole event was ecountered while drilling interval at 958 m,strict_same_well,tfidf,3,0.093273,0.093273,0.0,0.0,5801,C:\Users\user\Downloads\eilink_ra_ds\eilink_ra_ds\data\raw_pdfs\15_9_F_11_T2_2013_04_30.pdf,15_9_F_11,15_9_F_11_T2,2013-04-30,14:00,14:15,3108.0,drilling,drill,ok,Tared CoPilot MWD tool.,drilling | drill | ok | Tared CoPilot MWD tool.
2,15/9-F-11,tight hole event was ecountered while drilling interval at 958 m,strict_same_well,tfidf,4,0.08173,0.08173,0.0,0.0,4102,C:\Users\user\Downloads\eilink_ra_ds\eilink_ra_ds\data\raw_pdfs\15_9_F_11_2013_03_21.pdf,15_9_F_11,15_9_F_11,2013-03-21,06:00,06:30,0.0,interruptio,,ok,Dumped MWD data. n -- repair,interruptio | ok | Dumped MWD data. n -- repair
2,15/9-F-11,tight hole event was ecountered while drilling interval at 958 m,strict_same_well,tfidf,5,0.08163,0.08163,0.0,0.0,5936,C:\Users\user\Downloads\eilink_ra_ds\eilink_ra_ds\data\raw_pdfs\15_9_F_11_T2_2013_05_14.pdf,15_9_F_11,15_9_F_11_T2,2013-05-14,19:30,20:30,993.0,drilling,circulating condi,ok,Shallow tested MWD. tioning,drilling | circulating condi | ok | Shallow tested MWD. tioning
2,15/9-F-11,tight hole event was ecountered while drilling interval at 958 m,strict_same_well,sbert,1,0.629903,0.0,0.629903,0.0,5691,C:\Users\user\Downloads\eilink_ra_ds\eilink_ra_ds\data\raw_pdfs\15_9_F_11_T2_2013_04_19.pdf,15_9_F_11,15_9_F_11_T2,2013-04-19,06:00,06:30,1966.0,drilling,drill,ok,"Drilled and orientated 17 1/2"" hole from 1963 m to 1966 m with 4000 lpm, 240 bar, ECD 1.44 sg, WOB 4 MT, 140 rpm, 12-13 kNm, Inst. ROP 30 m/hr. Unable to back load cuttings from ISO pumps to supply vessel due to high wind and sea state. Commenced circulating hole clean.","drilling | drill | ok | Drilled and orientated 17 1/2"" hole from 1963 m to 1966 m with 4000 lpm, 240 bar, ECD 1.44 sg, WOB 4 MT, 140 rpm, 12-13 kNm, Inst. ROP 30 m/hr. Unable to back load cuttings from ISO pumps to supply vessel due to high wind and sea state. Commenced circulating hole clean."
2,15/9-F-11,tight hole event was ecountered while drilling interval at 958 m,strict_same_well,sbert,2,0.619604,0.10424,0.619604,0.15,5545,C:\Users\user\Downloads\eilink_ra_ds\eilink_ra_ds\data\raw_pdfs\15_9_F_11_T2_2013_04_02.pdf,15_9_F_11,15_9_F_11_T2,2013-04-02,12:00,15:30,460.0,drilling,trip,ok,"Pulled out of hole with 26"" bottom hole assembly from 1365m MD to 460m MD. Observed tight hole at 460m MD. Attempted to get past restriction with maximum 30MT overpull - no go.","drilling | trip | ok | Pulled out of hole with 26"" bottom hole assembly from 1365m MD to 460m MD. Observed tight hole at 460m MD. Attempted to get past restriction with maximum 30MT overpull - no go."
2,15/9-F-11,tight hole event was ecountered while drilling interval at 958 m,strict_same_well,sbert,3,0.599853,0.0,0.599853,0.0,5825,C:\Users\user\Downloads\eilink_ra_ds\eilink_ra_ds\data\raw_pdfs\15_9_F_11_T2_2013_05_04.pdf,15_9_F_11,15_9_F_11_T2,2013-05-04,16:00,16:30,4380.0,drilling,drill,ok,"Drilled and orientated 8 1/2"" hole from 4351m to 4380m with 2350 lpm, 220-230 bar, 110 rpm, 21-22 kNm, WOB 5-6 MT, ECD 1.44 - 1.46 sg. Average ROP: 16 m/hr. Intermittent problems with top drive causing decrease in RPM.","drilling | drill | ok | Drilled and orientated 8 1/2"" hole from 4351m to 4380m with 2350 lpm, 220-230 bar, 110 rpm, 21-22 kNm, WOB 5-6 MT, ECD 1.44 - 1.46 sg. Average ROP: 16 m/hr. Intermittent problems with top drive causing decrease in RPM."
2,15/9-F-11,tight hole event was ecountered while drilling interval at 958 m,strict_same_well,sbert,4,0.594269,0.0,0.594269,0.0,5529,C:\Users\user\Downloads\eilink_ra_ds\eilink_ra_ds\data\raw_pdfs\15_9_F_11_T2_2013_03_30.pdf,15_9_F_11,15_9_F_11_T2,2013-03-30,00:00,01:30,406.0,interruption --,,ok,"Ran in hole with 26"" bottom hole assembly on 5 1/2"" drill pipe from 230m MD to 406m MD. Observed resistance at 406m MD. Attempted to pass restriction with 10MT - no go. repair","interruption -- | ok | Ran in hole with 26"" bottom hole assembly on 5 1/2"" drill pipe from 230m MD to 406m MD. Observed resistance at 406m MD. Attempted to pass restriction with 10MT - no go. repair"
2,15/9-F-11,tight hole event was ecountered while drilling interval at 958 m,strict_same_well,sbert,5,0.586332,0.036503,0.586332,0.0,5793,C:\Users\user\Downloads\eilink_ra_ds\eilink_ra_ds\data\raw_pdfs\15_9_F_11_T2_2013_04_29.pdf,15_9_F_11,15_9_F_11_T2,2013-04-29,07:00,11:00,2629.0,drilling,drill,ok,"Established drilling parameters. Drilled and orientated 8 1/2"" hole from 2577 m to 2629 m with 1800 lpm, 120 bar, 60 rpm, 12-15 kNm, WOB 8 MT, Gross ROP 20 m /hr, Net ROP 13 m/hr, ECD 1.34 SG Registred de-coding problem with MWD tools.","drilling | drill | ok | Established drilling parameters. Drilled and orientated 8 1/2"" hole from 2577 m to 2629 m with 1800 lpm, 120 bar, 60 rpm, 12-15 kNm, WOB 8 MT, Gross ROP 20 m /hr, Net ROP 13 m/hr, ECD 1.34 SG Registred de-coding problem with MWD tools."
2,15/9-F-11,tight hole event was ecountered while drilling interval at 958 m,strict_same_well,hybrid,1,0.991825,0.10424,0.619604,0.15,5545,C:\Users\user\Downloads\eilink_ra_ds\eilink_ra_ds\data\raw_pdfs\15_9_F_11_T2_2013_04_02.pdf,15_9_F_11,15_9_F_11_T2,2013-04-02,12:00,15:30,460.0,drilling,trip,ok,"Pulled out of hole with 26"" bottom hole assembly from 1365m MD to 460m MD. Observed tight hole at 460m MD. Attempted to get past restriction with maximum 30MT overpull - no go.","drilling | trip | ok | Pulled out of hole with 26"" bottom hole assembly from 1365m MD to 460m MD. Observed tight hole at 460m MD. Attempted to get past restriction with maximum 30MT overpull - no go."
2,15/9-F-11,tight hole event was ecountered while drilling interval at 958 m,strict_same_well,hybrid,2,0.777049,0.065325,0.584186,0.0,4044,C:\Users\user\Downloads\eilink_ra_ds\eilink_ra_ds\data\raw_pdfs\15_9_F_11_2013_03_17.pdf,15_9_F_11,15_9_F_11,2013-03-17,06:00,07:00,224.0,drilling,drill,ok,"Drilled 26 hole from 215 m to 224 m,4500 lpm, 147 bar, 60 rpm, 3-6 KNm, Gross ROP: 11 m/hr, WOB 1-2 MT. Evaluated situation and prepared to POOH. Meanwhile: Baker discussed MWD operational problems with onshore support and reported the MWD tool failure mode to be a ""De-Sync"" failure that would not be possib le to solve with the MWD tools in hole. Prepared to inspect drilling equipment in derrick prior to POOH 26"" BHA to change out MWD tools.","drilling | drill | ok | Drilled 26 hole from 215 m to 224 m,4500 lpm, 147 bar, 60 rpm, 3-6 KNm, Gross ROP: 11 m/hr, WOB 1-2 MT. Evaluated situation and prepared to POOH. Meanwhile: Baker discussed MWD operational problems with onshore support and reported the MWD tool failure mode to be a ""De-Sync"" failure that would not be possib le to solve with the MWD tools in hole. Prepared to inspect drilling equipment in derrick prior to POOH 26"" BHA to change out MWD tools."
2,15/9-F-11,tight hole event was ecountered while drilling interval at 958 m,strict_same_well,hybrid,3,0.721598,0.058923,0.553015,0.0,5876,C:\Users\user\Downloads\eilink_ra_ds\eilink_ra_ds\data\raw_pdfs\15_9_F_11_T2_2013_05_10.pdf,15_9_F_11,15_9_F_11_T2,2013-05-10,00:00,09:00,2550.0,drilling,trip,ok,"Pulled / lubricated out of hole with 8 1/2"" bottom hole assembly from 4266m MD to 2550m MD with 200 lpm and 8-9 bar. Observed tight spots at 4230m, 4225m, 4066m-4060m and 3950m with maximum 20 MT overpull.","drilling | trip | ok | Pulled / lubricated out of hole with 8 1/2"" bottom hole assembly from 4266m MD to 2550m MD with 200 lpm and 8-9 bar. Observed tight spots at 4230m, 4225m, 4066m-4060m and 3950m with maximum 20 MT overpull."
2,15/9-F-11,tight hole event was ecountered while drilling interval at 958 m,strict_same_well,hybrid,4,0.714039,0.064886,0.507458,0.0,5794,C:\Users\user\Downloads\eilink_ra_ds\eilink_ra_ds\data\raw_pdfs\15_9_F_11_T2_2013_04_29.pdf,15_9_F_11,15_9_F_11_T2,2013-04-29,11:00,13:00,2629.0,interruption,othe,ok,Troubleshoot de-coding problem with MWD tools. r,interruption | othe | ok | Troubleshoot de-coding problem with MWD tools. r
2,15/9-F-11,tight hole event was ecountered while drilling interval at 958 m,strict_same_well,hybrid,5,0.702067,0.057303,0.538196,0.0,4405,C:\Users\user\Downloads\eilink_ra_ds\eilink_ra_ds\data\raw_pdfs\15_9_F_11_B_2013_06_15.pdf,15_9_F_11,15_9_F_11_B,2013-06-15,21:00,23:00,4095.0,drilling,casing,ok,"From 3856m MD, observed frequent tight spots corresponding with high doglegs. Ran in hole with 7"" liner on 5 1/2"" landing string and worked through tight spots from 3856m MD to 4095m MD. Average tripping speed 119 m/hr. No losses to formation.","drilling | casing | ok | From 3856m MD, observed frequent tight spots corresponding with high doglegs. Ran in hole with 7"" liner on 5 1/2"" landing string and worked through tight spots from 3856m MD to 4095m MD. Average tripping speed 119 m/hr. No losses to formation."
2,15/9-F-11,tight hole event was ecountered while drilling interval at 958 m,strict_same_well,reranked,1,0.739278,0.10424,0.619604,0.15,5545,C:\Users\user\Downloads\eilink_ra_ds\eilink_ra_ds\data\raw_pdfs\15_9_F_11_T2_2013_04_02.pdf,15_9_F_11,15_9_F_11_T2,2013-04-02,12:00,15:30,460.0,drilling,trip,ok,"Pulled out of hole with 26"" bottom hole assembly from 1365m MD to 460m MD. Observed tight hole at 460m MD. Attempted to get past restriction with maximum 30MT overpull - no go.","drilling | trip | ok | Pulled out of hole with 26"" bottom hole assembly from 1365m MD to 460m MD. Observed tight hole at 460m MD. Attempted to get past restriction with maximum 30MT overpull - no go."
2,15/9-F-11,tight hole event was ecountered while drilling interval at 958 m,strict_same_well,reranked,2,0.543934,0.065325,0.584186,0.0,4044,C:\Users\user\Downloads\eilink_ra_ds\eilink_ra_ds\data\raw_pdfs\15_9_F_11_2013_03_17.pdf,15_9_F_11,15_9_F_11,2013-03-17,06:00,07:00,224.0,drilling,drill,ok,"Drilled 26 hole from 215 m to 224 m,4500 lpm, 147 bar, 60 rpm, 3-6 KNm, Gross ROP: 11 m/hr, WOB 1-2 MT. Evaluated situation and prepared to POOH. Meanwhile: Baker discussed MWD operational problems with onshore support and reported the MWD tool failure mode to be a ""De-Sync"" failure that would not be possib le to solve with the MWD tools in hole. Prepared to inspect drilling equipment in derrick prior to POOH 26"" BHA to change out MWD tools.","drilling | drill | ok | Drilled 26 hole from 215 m to 224 m,4500 lpm, 147 bar, 60 rpm, 3-6 KNm, Gross ROP: 11 m/hr, WOB 1-2 MT. Evaluated situation and prepared to POOH. Meanwhile: Baker discussed MWD operational problems with onshore support and reported the MWD tool failure mode to be a ""De-Sync"" failure that would not be possib le to solve with the MWD tools in hole. Prepared to inspect drilling equipment in derrick prior to POOH 26"" BHA to change out MWD tools."
2,15/9-F-11,tight hole event was ecountered while drilling interval at 958 m,strict_same_well,reranked,3,0.505119,0.058923,0.553015,0.0,5876,C:\Users\user\Downloads\eilink_ra_ds\eilink_ra_ds\data\raw_pdfs\15_9_F_11_T2_2013_05_10.pdf,15_9_F_11,15_9_F_11_T2,2013-05-10,00:00,09:00,2550.0,drilling,trip,ok,"Pulled / lubricated out of hole with 8 1/2"" bottom hole assembly from 4266m MD to 2550m MD with 200 lpm and 8-9 bar. Observed tight spots at 4230m, 4225m, 4066m-4060m and 3950m with maximum 20 MT overpull.","drilling | trip | ok | Pulled / lubricated out of hole with 8 1/2"" bottom hole assembly from 4266m MD to 2550m MD with 200 lpm and 8-9 bar. Observed tight spots at 4230m, 4225m, 4066m-4060m and 3950m with maximum 20 MT overpull."
2,15/9-F-11,tight hole event was ecountered while drilling interval at 958 m,strict_same_well,reranked,4,0.499827,0.064886,0.507458,0.0,5794,C:\Users\user\Downloads\eilink_ra_ds\eilink_ra_ds\data\raw_pdfs\15_9_F_11_T2_2013_04_29.pdf,15_9_F_11,15_9_F_11_T2,2013-04-29,11:00,13:00,2629.0,interruption,othe,ok,Troubleshoot de-coding problem with MWD tools. r,interruption | othe | ok | Troubleshoot de-coding problem with MWD tools. r
2,15/9-F-11,tight hole event was ecountered while drilling interval at 958 m,strict_same_well,reranked,5,0.491447,0.057303,0.538196,0.0,4405,C:\Users\user\Downloads\eilink_ra_ds\eilink_ra_ds\data\raw_pdfs\15_9_F_11_B_2013_06_15.pdf,15_9_F_11,15_9_F_11_B,2013-06-15,21:00,23:00,4095.0,drilling,casing,ok,"From 3856m MD, observed frequent tight spots corresponding with high doglegs. Ran in hole with 7"" liner on 5 1/2"" landing string and worked through tight spots from 3856m MD to 4095m MD. Average tripping speed 119 m/hr. No losses to formation.","drilling | casing | ok | From 3856m MD, observed frequent tight spots corresponding with high doglegs. Ran in hole with 7"" liner on 5 1/2"" landing string and worked through tight spots from 3856m MD to 4095m MD. Average tripping speed 119 m/hr. No losses to formation."
3,15/9-F-12,"Excessive clay amount ccumulation is observed in BHA while POOH 26"""" BHA",strict_same_well,tfidf,1,0.358436,0.358436,0.0,0.2,7539,C:\Users\user\Downloads\eilink_ra_ds\eilink_ra_ds\data\raw_pdfs\15_9_F_12_2010_09_24.pdf,15_9_F_12,15_9_F_12,2010-09-24,03:00,05:15,0.0,workover,wire line,ok,POOH with BHA #2.,workover | wire line | ok | POOH with BHA #2.
3,15/9-F-12,"Excessive clay amount ccumulation is observed in BHA while POOH 26"""" BHA",strict_same_well,tfidf,2,0.298759,0.298759,0.584681,0.2,6743,C:\Users\user\Downloads\eilink_ra_ds\eilink_ra_ds\data\raw_pdfs\15_9_F_12_2007_08_26.pdf,15_9_F_12,15_9_F_12,2007-08-26,20:30,00:00,0.0,drilling,trip,ok,Continued POOH w/ BHA and L/O same.,drilling | trip | ok | Continued POOH w/ BHA and L/O same.
3,15/9-F-12,"Excessive clay amount ccumulation is observed in BHA while POOH 26"""" BHA",strict_same_well,tfidf,3,0.297359,0.297359,0.482014,0.5,6160,C:\Users\user\Downloads\eilink_ra_ds\eilink_ra_ds\data\raw_pdfs\15_9_F_12_2007_07_06.pdf,15_9_F_12,15_9_F_12,2007-07-06,15:45,17:00,0.0,drilling,trip,ok,"Held tool box meeting prior to pick up 26"" BHA and R/U for making up 26"" BHA.","drilling | trip | ok | Held tool box meeting prior to pick up 26"" BHA and R/U for making up 26"" BHA."
3,15/9-F-12,"Excessive clay amount ccumulation is observed in BHA while POOH 26"""" BHA",strict_same_well,tfidf,4,0.294624,0.294624,0.512859,0.5,6208,C:\Users\user\Downloads\eilink_ra_ds\eilink_ra_ds\data\raw_pdfs\15_9_F_12_2007_07_12.pdf,15_9_F_12,15_9_F_12,2007-07-12,06:00,07:00,870.0,drilling,drill,ok,"POOH w/ 26"" BHA. Lubricated F/ 1002m T/ 870m. 442 lpm, 2.5 bars, 80 rpm, 8 - 20 KNm.","drilling | drill | ok | POOH w/ 26"" BHA. Lubricated F/ 1002m T/ 870m. 442 lpm, 2.5 bars, 80 rpm, 8 - 20 KNm."
3,15/9-F-12,"Excessive clay amount ccumulation is observed in BHA while POOH 26"""" BHA",strict_same_well,tfidf,5,0.284318,0.284318,0.518124,0.5,6280,C:\Users\user\Downloads\eilink_ra_ds\eilink_ra_ds\data\raw_pdfs\15_9_F_12_2007_07_16.pdf,15_9_F_12,15_9_F_12,2007-07-16,10:00,12:00,0.0,drilling,trip,ok,"Continued L/O remaining 26"" BHA.","drilling | trip | ok | Continued L/O remaining 26"" BHA."
3,15/9-F-12,"Excessive clay amount ccumulation is observed in BHA while POOH 26"""" BHA",strict_same_well,sbert,1,0.636538,0.162664,0.636538,0.1,6398,C:\Users\user\Downloads\eilink_ra_ds\eilink_ra_ds\data\raw_pdfs\15_9_F_12_2007_07_23.pdf,15_9_F_12,15_9_F_12,2007-07-23,15:30,16:30,1467.0,interruption,,ok,"POOH with 17 1/2"" drilling BHA from 1546 m to 1467 m MD. Tight hole took approx 30 MT overpull. -- other","interruption | ok | POOH with 17 1/2"" drilling BHA from 1546 m to 1467 m MD. Tight hole took approx 30 MT overpull. -- other"
3,15/9-F-12,"Excessive clay amount ccumulation is observed in BHA while POOH 26"""" BHA",strict_same_well,sbert,2,0.635658,0.164566,0.635658,0.08,6446,C:\Users\user\Downloads\eilink_ra_ds\eilink_ra_ds\data\raw_pdfs\15_9_F_12_2007_07_29.pdf,15_9_F_12,15_9_F_12,2007-07-29,13:30,15:30,800.0,drilling,trip,ok,"POOH with 17 1/2"" drilling BHA on 5 1/2"" DP from 1035 m to 800 m MD. No tight spots observed. Pumped 2 m3 slug of 1,55 sg mud.","drilling | trip | ok | POOH with 17 1/2"" drilling BHA on 5 1/2"" DP from 1035 m to 800 m MD. No tight spots observed. Pumped 2 m3 slug of 1,55 sg mud."
3,15/9-F-12,"Excessive clay amount ccumulation is observed in BHA while POOH 26"""" BHA",strict_same_well,sbert,3,0.626883,0.238102,0.626883,0.133333,6435,C:\Users\user\Downloads\eilink_ra_ds\eilink_ra_ds\data\raw_pdfs\15_9_F_12_2007_07_28.pdf,15_9_F_12,15_9_F_12,2007-07-28,15:30,17:00,2254.0,drilling,trip,ok,"POOH with 17 1/2"" drilling BHA from 2513 m to 2254 m MD.","drilling | trip | ok | POOH with 17 1/2"" drilling BHA from 2513 m to 2254 m MD."
3,15/9-F-12,"Excessive clay amount ccumulation is observed in BHA while POOH 26"""" BHA",strict_same_well,sbert,4,0.626086,0.14661,0.626086,0.066667,6437,C:\Users\user\Downloads\eilink_ra_ds\eilink_ra_ds\data\raw_pdfs\15_9_F_12_2007_07_29.pdf,15_9_F_12,15_9_F_12,2007-07-29,00:00,02:15,1661.0,drilling,trip,ok,"Continued POOH with 17 1/2"" BHA from 1798 m to 1661 m MD pumping at 3500 lpm. Rotated at 40 rpm on 15 MT+ overpull as dicated by hole.","drilling | trip | ok | Continued POOH with 17 1/2"" BHA from 1798 m to 1661 m MD pumping at 3500 lpm. Rotated at 40 rpm on 15 MT+ overpull as dicated by hole."
3,15/9-F-12,"Excessive clay amount ccumulation is observed in BHA while POOH 26"""" BHA",strict_same_well,sbert,5,0.620122,0.0,0.620122,0.066667,6440,C:\Users\user\Downloads\eilink_ra_ds\eilink_ra_ds\data\raw_pdfs\15_9_F_12_2007_07_29.pdf,15_9_F_12,15_9_F_12,2007-07-29,05:00,06:00,1439.0,drilling,trip,ok,"POOH with 17 1/2"" drilling BHA from 1523 to 1439 m MD. Sticky conditions. Increased flow rate when pulling to 4500 lpm due to increasing ECD > 1,40. Rotated at 40 rpm.","drilling | trip | ok | POOH with 17 1/2"" drilling BHA from 1523 to 1439 m MD. Sticky conditions. Increased flow rate when pulling to 4500 lpm due to increasing ECD > 1,40. Rotated at 40 rpm."
3,15/9-F-12,"Excessive clay amount ccumulation is observed in BHA while POOH 26"""" BHA",strict_same_well,hybrid,1,0.876019,0.298759,0.584681,0.2,6743,C:\Users\user\Downloads\eilink_ra_ds\eilink_ra_ds\data\raw_pdfs\15_9_F_12_2007_08_26.pdf,15_9_F_12,15_9_F_12,2007-08-26,20:30,00:00,0.0,drilling,trip,ok,Continued POOH w/ BHA and L/O same.,drilling | trip | ok | Continued POOH w/ BHA and L/O same.
3,15/9-F-12,"Excessive clay amount ccumulation is observed in BHA while POOH 26"""" BHA",strict_same_well,hybrid,2,0.852145,0.267215,0.610304,0.1,6447,C:\Users\user\Downloads\eilink_ra_ds\eilink_ra_ds\data\raw_pdfs\15_9_F_12_2007_07_29.pdf,15_9_F_12,15_9_F_12,2007-07-29,15:30,16:45,266.0,drilling,trip,ok,"POOH with 17 1/2"" drilling BHA on 5 1/2"" DP from 800 m to 266 m MD. Flowchecked prior to POOH with 17 1/2"" BHA - well static.","drilling | trip | ok | POOH with 17 1/2"" drilling BHA on 5 1/2"" DP from 800 m to 266 m MD. Flowchecked prior to POOH with 17 1/2"" BHA - well static."
3,15/9-F-12,"Excessive clay amount ccumulation is observed in BHA while POOH 26"""" BHA",strict_same_well,hybrid,3,0.828775,0.262775,0.588438,0.133333,6589,C:\Users\user\Downloads\eilink_ra_ds\eilink_ra_ds\data\raw_pdfs\15_9_F_12_2007_08_10.pdf,15_9_F_12,15_9_F_12,2007-08-10,10:30,13:00,200.0,drilling,drill,ok,"POOH with 12 1/4"" BHA from 1410 m to 200 m MD.","drilling | drill | ok | POOH with 12 1/4"" BHA from 1410 m to 200 m MD."
3,15/9-F-12,"Excessive clay amount ccumulation is observed in BHA while POOH 26"""" BHA",strict_same_well,hybrid,4,0.824556,0.238102,0.626883,0.133333,6435,C:\Users\user\Downloads\eilink_ra_ds\eilink_ra_ds\data\raw_pdfs\15_9_F_12_2007_07_28.pdf,15_9_F_12,15_9_F_12,2007-07-28,15:30,17:00,2254.0,drilling,trip,ok,"POOH with 17 1/2"" drilling BHA from 2513 m to 2254 m MD.","drilling | trip | ok | POOH with 17 1/2"" drilling BHA from 2513 m to 2254 m MD."
3,15/9-F-12,"Excessive clay amount ccumulation is observed in BHA while POOH 26"""" BHA",strict_same_well,hybrid,5,0.820249,0.266856,0.570336,0.133333,6399,C:\Users\user\Downloads\eilink_ra_ds\eilink_ra_ds\data\raw_pdfs\15_9_F_12_2007_07_23.pdf,15_9_F_12,15_9_F_12,2007-07-23,16:30,18:00,1354.0,interruption,,ok,"Continued POOH with 17 1/2"" drilling BHA while pumping from 1467 m to 1354 m MD inside casing. -- other","interruption | ok | Continued POOH with 17 1/2"" drilling BHA while pumping from 1467 m to 1354 m MD inside casing. -- other"
3,15/9-F-12,"Excessive clay amount ccumulation is observed in BHA while POOH 26"""" BHA",strict_same_well,reranked,1,0.719685,0.294624,0.512859,0.5,6208,C:\Users\user\Downloads\eilink_ra_ds\eilink_ra_ds\data\raw_pdfs\15_9_F_12_2007_07_12.pdf,15_9_F_12,15_9_F_12,2007-07-12,06:00,07:00,870.0,drilling,drill,ok,"POOH w/ 26"" BHA. Lubricated F/ 1002m T/ 870m. 442 lpm, 2.5 bars, 80 rpm, 8 - 20 KNm.","drilling | drill | ok | POOH w/ 26"" BHA. Lubricated F/ 1002m T/ 870m. 442 lpm, 2.5 bars, 80 rpm, 8 - 20 KNm."
3,15/9-F-12,"Excessive clay amount ccumulation is observed in BHA while POOH 26"""" BHA",strict_same_well,reranked,2,0.712517,0.284318,0.518124,0.5,6280,C:\Users\user\Downloads\eilink_ra_ds\eilink_ra_ds\data\raw_pdfs\15_9_F_12_2007_07_16.pdf,15_9_F_12,15_9_F_12,2007-07-16,10:00,12:00,0.0,drilling,trip,ok,"Continued L/O remaining 26"" BHA.","drilling | trip | ok | Continued L/O remaining 26"" BHA."
3,15/9-F-12,"Excessive clay amount ccumulation is observed in BHA while POOH 26"""" BHA",strict_same_well,reranked,3,0.705395,0.297359,0.482014,0.5,6160,C:\Users\user\Downloads\eilink_ra_ds\eilink_ra_ds\data\raw_pdfs\15_9_F_12_2007_07_06.pdf,15_9_F_12,15_9_F_12,2007-07-06,15:45,17:00,0.0,drilling,trip,ok,"Held tool box meeting prior to pick up 26"" BHA and R/U for making up 26"" BHA.","drilling | trip | ok | Held tool box meeting prior to pick up 26"" BHA and R/U for making up 26"" BHA."
3,15/9-F-12,"Excessive clay amount ccumulation is observed in BHA while POOH 26"""" BHA",strict_same_well,reranked,4,0.698174,0.246082,0.541754,0.533333,6063,C:\Users\user\Downloads\eilink_ra_ds\eilink_ra_ds\data\raw_pdfs\15_9_F_12_2007_06_23.pdf,15_9_F_12,15_9_F_12,2007-06-23,03:00,04:30,29.0,drilling,drill,ok,"Continued POOH with 26"" HO BHA and racked back same.","drilling | drill | ok | Continued POOH with 26"" HO BHA and racked back same."
3,15/9-F-12,"Excessive clay amount ccumulation is observed in BHA while POOH 26"""" BHA",strict_same_well,reranked,5,0.698174,0.246082,0.541754,0.533333,6065,C:\Users\user\Downloads\eilink_ra_ds\eilink_ra_ds\data\raw_pdfs\15_9_F_12_2007_06_23.pdf,15_9_F_12,15_9_F_12,2007-06-23,05:30,06:00,29.0,drilling,drill,ok,"Continued POOH with 26"" HO BHA and racked back same.","drilling | drill | ok | Continued POOH with 26"" HO BHA and racked back same."
4,15/9-F-13,"while RIH with 20"" casing there was a differential stuck. The mud was replaced to seawater and 300 m3 of seawater was pumped, Set down weight was increased and string came free",cross_well_fallback,tfidf,1,0.230384,0.230384,0.594434,0.35,2985,C:\Users\user\Downloads\eilink_ra_ds\eilink_ra_ds\data\raw_pdfs\15_9_F_10_2009_04_18.pdf,15_9_F_10,15_9_F_10,2009-04-18,07:30,08:30,1238.0,interruptio,,ok,"Attempted to RIH with 20"" casing / 18 3/4"" WH - negative. Worked to free pipe with alternating up/down weights, 50 MT set down / 60 MT overpull - negative - 20"" casing differential stuck. n -- fish String movement < 50 cm. Set down 50 MT weight. Installed split bowl and set casing in slips. Discussed situation, decided to attempt making up TDS and displace well from 1,40 sg KCl mud to seawater.","interruptio | ok | Attempted to RIH with 20"" casing / 18 3/4"" WH - negative. Worked to free pipe with alternating up/down weights, 50 MT set down / 60 MT overpull - negative - 20"" casing differential stuck. n -- fish String movement < 50 cm. Set down 50 MT weight. Installed split bowl and set casing in slips. Discussed situation, decided to attempt making up TDS and displace well from 1,40 sg KCl mud to seawater."
4,15/9-F-13,"while RIH with 20"" casing there was a differential stuck. The mud was replaced to seawater and 300 m3 of seawater was pumped, Set down weight was increased and string came free",cross_well_fallback,tfidf,2,0.227868,0.227868,0.0,0.0,2988,C:\Users\user\Downloads\eilink_ra_ds\eilink_ra_ds\data\raw_pdfs\15_9_F_10_2009_04_18.pdf,15_9_F_10,15_9_F_10,2009-04-18,11:15,12:15,1238.0,interruptio,,ok,Attempted to free string while circulating at 2000 lpm. Set down / overpull 60/60 MT. Increased set down weight to 80 MT and observed string comming free. Took up/down weights 270/22 n -- fish 0 MT. Cummulative volume of seawater pumped ~300 m3.,interruptio | ok | Attempted to free string while circulating at 2000 lpm. Set down / overpull 60/60 MT. Increased set down weight to 80 MT and observed string comming free. Took up/down weights 270/22 n -- fish 0 MT. Cummulative volume of seawater pumped ~300 m3.
4,15/9-F-13,"while RIH with 20"" casing there was a differential stuck. The mud was replaced to seawater and 300 m3 of seawater was pumped, Set down weight was increased and string came free",cross_well_fallback,tfidf,3,0.164511,0.164511,0.0,0.6,6226,C:\Users\user\Downloads\eilink_ra_ds\eilink_ra_ds\data\raw_pdfs\15_9_F_12_2007_07_13.pdf,15_9_F_12,15_9_F_12,2007-07-13,11:00,11:45,36.0,drilling,casing,ok,"RIH with 20"" CSG F/12m T/36m","drilling | casing | ok | RIH with 20"" CSG F/12m T/36m"
4,15/9-F-13,"while RIH with 20"" casing there was a differential stuck. The mud was replaced to seawater and 300 m3 of seawater was pumped, Set down weight was increased and string came free",cross_well_fallback,tfidf,4,0.157336,0.157336,0.0,0.6,6235,C:\Users\user\Downloads\eilink_ra_ds\eilink_ra_ds\data\raw_pdfs\15_9_F_12_2007_07_14.pdf,15_9_F_12,15_9_F_12,2007-07-14,00:00,06:00,812.0,drilling,casing,ok,"Continued RIH with 20"" CSG. F/460m T/812m.","drilling | casing | ok | Continued RIH with 20"" CSG. F/460m T/812m."
4,15/9-F-13,"while RIH with 20"" casing there was a differential stuck. The mud was replaced to seawater and 300 m3 of seawater was pumped, Set down weight was increased and string came free",cross_well_fallback,tfidf,5,0.156475,0.156475,0.586171,0.0,1549,C:\Users\user\Downloads\eilink_ra_ds\eilink_ra_ds\data\raw_pdfs\15_9_19_S_1992_09_24.pdf,15_9_19,15_9_19_S,1992-09-24,00:00,01:30,545.0,drilling,trip,ok,"PUMPED 200 M3 OF SEAWATER FOLLOWED BY 45 M3 HI-VIS PILL. DISPLACED HOLE WITH 120 M3 1,25 SG HI-VIS MUD.","drilling | trip | ok | PUMPED 200 M3 OF SEAWATER FOLLOWED BY 45 M3 HI-VIS PILL. DISPLACED HOLE WITH 120 M3 1,25 SG HI-VIS MUD."
4,15/9-F-13,"while RIH with 20"" casing there was a differential stuck. The mud was replaced to seawater and 300 m3 of seawater was pumped, Set down weight was increased and string came free",cross_well_fallback,sbert,1,0.671382,0.131563,0.671382,0.1,2549,C:\Users\user\Downloads\eilink_ra_ds\eilink_ra_ds\data\raw_pdfs\15_9_19_ST2_1993_04_05.pdf,15_9_19,15_9_19_ST2,1993-04-05,08:30,12:30,3227.0,formation eval,,ok,"CONT RIH WITH 4 1/2"" PH-4 TEST TUBING TO 3199 M RTTS PACKER DEPTH. TOOK 20 MT WEIGHT, WORKED STRING FREE. RIH, TOOK 10 MT WEIGHT AT 3208 AND 3216 uation -- rig up M. WORKED STRING OUT, NOT ABLE TO PASS 3205 M, ATTEMPTED TO PULL STRING FREE WITH MAX 40 MT O/P, WORKED STRING DOWN AND CAME FREE WITH 25 MT /down D/W. RESIPROCATED STRING BETWEEN 3205 AND 3227 M.","formation eval | ok | CONT RIH WITH 4 1/2"" PH-4 TEST TUBING TO 3199 M RTTS PACKER DEPTH. TOOK 20 MT WEIGHT, WORKED STRING FREE. RIH, TOOK 10 MT WEIGHT AT 3208 AND 3216 uation -- rig up M. WORKED STRING OUT, NOT ABLE TO PASS 3205 M, ATTEMPTED TO PULL STRING FREE WITH MAX 40 MT O/P, WORKED STRING DOWN AND CAME FREE WITH 25 MT /down D/W. RESIPROCATED STRING BETWEEN 3205 AND 3227 M."
4,15/9-F-13,"while RIH with 20"" casing there was a differential stuck. The mud was replaced to seawater and 300 m3 of seawater was pumped, Set down weight was increased and string came free",cross_well_fallback,sbert,2,0.668279,0.13016,0.668279,0.466667,8247,C:\Users\user\Downloads\eilink_ra_ds\eilink_ra_ds\data\raw_pdfs\15_9_F_14_2007_12_12.pdf,15_9_F_14,15_9_F_14,2007-12-12,08:45,11:00,1065.0,drilling,ca,ok,"Continued RIH with 20"" casing on landing string from 965 m to 1065 m. Washed down last 10 m 440 lpm / 38 bar. Upweight 188 MT/ down weight 138 MT. sing","drilling | ca | ok | Continued RIH with 20"" casing on landing string from 965 m to 1065 m. Washed down last 10 m 440 lpm / 38 bar. Upweight 188 MT/ down weight 138 MT. sing"
4,15/9-F-13,"while RIH with 20"" casing there was a differential stuck. The mud was replaced to seawater and 300 m3 of seawater was pumped, Set down weight was increased and string came free",cross_well_fallback,sbert,3,0.656715,0.127693,0.656715,0.466667,10284,C:\Users\user\Downloads\eilink_ra_ds\eilink_ra_ds\data\raw_pdfs\15_9_F_15_2007_12_30.pdf,15_9_F_15,15_9_F_15,2007-12-30,00:00,01:30,1052.0,drilling --,,ok,"Continued RIH with 20"" casing from 956 m to 1052 m. Took 5 MT weight at 1052 m . Filled every jnt with SW. casing","drilling -- | ok | Continued RIH with 20"" casing from 956 m to 1052 m. Took 5 MT weight at 1052 m . Filled every jnt with SW. casing"
4,15/9-F-13,"while RIH with 20"" casing there was a differential stuck. The mud was replaced to seawater and 300 m3 of seawater was pumped, Set down weight was increased and string came free",cross_well_fallback,sbert,4,0.650994,0.0,0.650994,0.45,8236,C:\Users\user\Downloads\eilink_ra_ds\eilink_ra_ds\data\raw_pdfs\15_9_F_14_2007_12_11.pdf,15_9_F_14,15_9_F_14,2007-12-11,06:00,18:30,923.0,drilling,casing,ok,"RIH with 20"" csg from 414 m to 923 m MD. Filled string with SW every 5th joint. Average running speed 5 jnts/hr. Upweight 188 MT/down weight 144 MT at last joint before WH housing. Observed tight spots at: 576-588 m: 20-25 MT drag 701-738 m: 15-18 MT drag 800-825 m: 12-15 MT drag","drilling | casing | ok | RIH with 20"" csg from 414 m to 923 m MD. Filled string with SW every 5th joint. Average running speed 5 jnts/hr. Upweight 188 MT/down weight 144 MT at last joint before WH housing. Observed tight spots at: 576-588 m: 20-25 MT drag 701-738 m: 15-18 MT drag 800-825 m: 12-15 MT drag"
4,15/9-F-13,"while RIH with 20"" casing there was a differential stuck. The mud was replaced to seawater and 300 m3 of seawater was pumped, Set down weight was increased and string came free",cross_well_fallback,sbert,5,0.647567,0.15372,0.647567,0.466667,10288,C:\Users\user\Downloads\eilink_ra_ds\eilink_ra_ds\data\raw_pdfs\15_9_F_15_2007_12_30.pdf,15_9_F_15,15_9_F_15,2007-12-30,06:00,08:00,1218.0,drilling --,,ok,"RIH with 20"" casing from 1144 m to 1218 m. Filled every jnt with SW. Up/down weight 222/184 MT. casing","drilling -- | ok | RIH with 20"" casing from 1144 m to 1218 m. Filled every jnt with SW. Up/down weight 222/184 MT. casing"
4,15/9-F-13,"while RIH with 20"" casing there was a differential stuck. The mud was replaced to seawater and 300 m3 of seawater was pumped, Set down weight was increased and string came free",cross_well_fallback,hybrid,1,0.942694,0.230384,0.594434,0.35,2985,C:\Users\user\Downloads\eilink_ra_ds\eilink_ra_ds\data\raw_pdfs\15_9_F_10_2009_04_18.pdf,15_9_F_10,15_9_F_10,2009-04-18,07:30,08:30,1238.0,interruptio,,ok,"Attempted to RIH with 20"" casing / 18 3/4"" WH - negative. Worked to free pipe with alternating up/down weights, 50 MT set down / 60 MT overpull - negative - 20"" casing differential stuck. n -- fish String movement < 50 cm. Set down 50 MT weight. Installed split bowl and set casing in slips. Discussed situation, decided to attempt making up TDS and displace well from 1,40 sg KCl mud to seawater.","interruptio | ok | Attempted to RIH with 20"" casing / 18 3/4"" WH - negative. Worked to free pipe with alternating up/down weights, 50 MT set down / 60 MT overpull - negative - 20"" casing differential stuck. n -- fish String movement < 50 cm. Set down 50 MT weight. Installed split bowl and set casing in slips. Discussed situation, decided to attempt making up TDS and displace well from 1,40 sg KCl mud to seawater."
4,15/9-F-13,"while RIH with 20"" casing there was a differential stuck. The mud was replaced to seawater and 300 m3 of seawater was pumped, Set down weight was increased and string came free",cross_well_fallback,hybrid,2,0.815881,0.15372,0.647567,0.466667,10288,C:\Users\user\Downloads\eilink_ra_ds\eilink_ra_ds\data\raw_pdfs\15_9_F_15_2007_12_30.pdf,15_9_F_15,15_9_F_15,2007-12-30,06:00,08:00,1218.0,drilling --,,ok,"RIH with 20"" casing from 1144 m to 1218 m. Filled every jnt with SW. Up/down weight 222/184 MT. casing","drilling -- | ok | RIH with 20"" casing from 1144 m to 1218 m. Filled every jnt with SW. Up/down weight 222/184 MT. casing"
4,15/9-F-13,"while RIH with 20"" casing there was a differential stuck. The mud was replaced to seawater and 300 m3 of seawater was pumped, Set down weight was increased and string came free",cross_well_fallback,hybrid,3,0.78553,0.131563,0.671382,0.1,2549,C:\Users\user\Downloads\eilink_ra_ds\eilink_ra_ds\data\raw_pdfs\15_9_19_ST2_1993_04_05.pdf,15_9_19,15_9_19_ST2,1993-04-05,08:30,12:30,3227.0,formation eval,,ok,"CONT RIH WITH 4 1/2"" PH-4 TEST TUBING TO 3199 M RTTS PACKER DEPTH. TOOK 20 MT WEIGHT, WORKED STRING FREE. RIH, TOOK 10 MT WEIGHT AT 3208 AND 3216 uation -- rig up M. WORKED STRING OUT, NOT ABLE TO PASS 3205 M, ATTEMPTED TO PULL STRING FREE WITH MAX 40 MT O/P, WORKED STRING DOWN AND CAME FREE WITH 25 MT /down D/W. RESIPROCATED STRING BETWEEN 3205 AND 3227 M.","formation eval | ok | CONT RIH WITH 4 1/2"" PH-4 TEST TUBING TO 3199 M RTTS PACKER DEPTH. TOOK 20 MT WEIGHT, WORKED STRING FREE. RIH, TOOK 10 MT WEIGHT AT 3208 AND 3216 uation -- rig up M. WORKED STRING OUT, NOT ABLE TO PASS 3205 M, ATTEMPTED TO PULL STRING FREE WITH MAX 40 MT O/P, WORKED STRING DOWN AND CAME FREE WITH 25 MT /down D/W. RESIPROCATED STRING BETWEEN 3205 AND 3227 M."
4,15/9-F-13,"while RIH with 20"" casing there was a differential stuck. The mud was replaced to seawater and 300 m3 of seawater was pumped, Set down weight was increased and string came free",cross_well_fallback,hybrid,4,0.780174,0.13016,0.668279,0.466667,8247,C:\Users\user\Downloads\eilink_ra_ds\eilink_ra_ds\data\raw_pdfs\15_9_F_14_2007_12_12.pdf,15_9_F_14,15_9_F_14,2007-12-12,08:45,11:00,1065.0,drilling,ca,ok,"Continued RIH with 20"" casing on landing string from 965 m to 1065 m. Washed down last 10 m 440 lpm / 38 bar. Upweight 188 MT/ down weight 138 MT. sing","drilling | ca | ok | Continued RIH with 20"" casing on landing string from 965 m to 1065 m. Washed down last 10 m 440 lpm / 38 bar. Upweight 188 MT/ down weight 138 MT. sing"
4,15/9-F-13,"while RIH with 20"" casing there was a differential stuck. The mud was replaced to seawater and 300 m3 of seawater was pumped, Set down weight was increased and string came free",cross_well_fallback,hybrid,5,0.776137,0.156475,0.586171,0.0,1549,C:\Users\user\Downloads\eilink_ra_ds\eilink_ra_ds\data\raw_pdfs\15_9_19_S_1992_09_24.pdf,15_9_19,15_9_19_S,1992-09-24,00:00,01:30,545.0,drilling,trip,ok,"PUMPED 200 M3 OF SEAWATER FOLLOWED BY 45 M3 HI-VIS PILL. DISPLACED HOLE WITH 120 M3 1,25 SG HI-VIS MUD.","drilling | trip | ok | PUMPED 200 M3 OF SEAWATER FOLLOWED BY 45 M3 HI-VIS PILL. DISPLACED HOLE WITH 120 M3 1,25 SG HI-VIS MUD."
4,15/9-F-13,"while RIH with 20"" casing there was a differential stuck. The mud was replaced to seawater and 300 m3 of seawater was pumped, Set down weight was increased and string came free",cross_well_fallback,reranked,1,0.764886,0.230384,0.594434,0.35,2985,C:\Users\user\Downloads\eilink_ra_ds\eilink_ra_ds\data\raw_pdfs\15_9_F_10_2009_04_18.pdf,15_9_F_10,15_9_F_10,2009-04-18,07:30,08:30,1238.0,interruptio,,ok,"Attempted to RIH with 20"" casing / 18 3/4"" WH - negative. Worked to free pipe with alternating up/down weights, 50 MT set down / 60 MT overpull - negative - 20"" casing differential stuck. n -- fish String movement < 50 cm. Set down 50 MT weight. Installed split bowl and set casing in slips. Discussed situation, decided to attempt making up TDS and displace well from 1,40 sg KCl mud to seawater.","interruptio | ok | Attempted to RIH with 20"" casing / 18 3/4"" WH - negative. Worked to free pipe with alternating up/down weights, 50 MT set down / 60 MT overpull - negative - 20"" casing differential stuck. n -- fish String movement < 50 cm. Set down 50 MT weight. Installed split bowl and set casing in slips. Discussed situation, decided to attempt making up TDS and displace well from 1,40 sg KCl mud to seawater."
4,15/9-F-13,"while RIH with 20"" casing there was a differential stuck. The mud was replaced to seawater and 300 m3 of seawater was pumped, Set down weight was increased and string came free",cross_well_fallback,reranked,2,0.711117,0.15372,0.647567,0.466667,10288,C:\Users\user\Downloads\eilink_ra_ds\eilink_ra_ds\data\raw_pdfs\15_9_F_15_2007_12_30.pdf,15_9_F_15,15_9_F_15,2007-12-30,06:00,08:00,1218.0,drilling --,,ok,"RIH with 20"" casing from 1144 m to 1218 m. Filled every jnt with SW. Up/down weight 222/184 MT. casing","drilling -- | ok | RIH with 20"" casing from 1144 m to 1218 m. Filled every jnt with SW. Up/down weight 222/184 MT. casing"
4,15/9-F-13,"while RIH with 20"" casing there was a differential stuck. The mud was replaced to seawater and 300 m3 of seawater was pumped, Set down weight was increased and string came free",cross_well_fallback,reranked,3,0.686845,0.147854,0.598922,0.5,10278,C:\Users\user\Downloads\eilink_ra_ds\eilink_ra_ds\data\raw_pdfs\15_9_F_15_2007_12_29.pdf,15_9_F_15,15_9_F_15,2007-12-29,06:00,07:30,138.0,drilling,casing,ok,"RIH with 20"" casing from 36 m to 138 m. Filled every jnt with SW.","drilling | casing | ok | RIH with 20"" casing from 36 m to 138 m. Filled every jnt with SW."
4,15/9-F-13,"while RIH with 20"" casing there was a differential stuck. The mud was replaced to seawater and 300 m3 of seawater was pumped, Set down weight was increased and string came free",cross_well_fallback,reranked,4,0.686122,0.13016,0.668279,0.466667,8247,C:\Users\user\Downloads\eilink_ra_ds\eilink_ra_ds\data\raw_pdfs\15_9_F_14_2007_12_12.pdf,15_9_F_14,15_9_F_14,2007-12-12,08:45,11:00,1065.0,drilling,ca,ok,"Continued RIH with 20"" casing on landing string from 965 m to 1065 m. Washed down last 10 m 440 lpm / 38 bar. Upweight 188 MT/ down weight 138 MT. sing","drilling | ca | ok | Continued RIH with 20"" casing on landing string from 965 m to 1065 m. Washed down last 10 m 440 lpm / 38 bar. Upweight 188 MT/ down weight 138 MT. sing"
4,15/9-F-13,"while RIH with 20"" casing there was a differential stuck. The mud was replaced to seawater and 300 m3 of seawater was pumped, Set down weight was increased and string came free",cross_well_fallback,reranked,5,0.676345,0.127693,0.656715,0.466667,10284,C:\Users\user\Downloads\eilink_ra_ds\eilink_ra_ds\data\raw_pdfs\15_9_F_15_2007_12_30.pdf,15_9_F_15,15_9_F_15,2007-12-30,00:00,01:30,1052.0,drilling --,,ok,"Continued RIH with 20"" casing from 956 m to 1052 m. Took 5 MT weight at 1052 m . Filled every jnt with SW. casing","drilling -- | ok | Continued RIH with 20"" casing from 956 m to 1052 m. Took 5 MT weight at 1052 m . Filled every jnt with SW. casing"
